epoch,binary_accuracy,loss,lr,training_stage,val_binary_accuracy,val_loss
0,0.9677592515945435,0.08013935387134552,9.999999747378752e-06,1,0.9776440262794495,0.05089545622467995
1,0.9781837463378906,0.0586516447365284,9.999999747378752e-06,1,0.9776440262794495,0.054121121764183044
2,0.9839870929718018,0.045720819383859634,9.999999747378752e-06,1,0.9832330346107483,0.04214038327336311
3,0.984739363193512,0.03662105277180672,9.999999747378752e-06,1,0.9810833930969238,0.045052528381347656
4,0.9885008335113525,0.031105706468224525,9.999999747378752e-06,1,0.9849526882171631,0.04174823686480522
5,0.9892531037330627,0.02929963357746601,9.999999747378752e-06,1,0.9810833930969238,0.04939702898263931
6,0.9923697113990784,0.02096317708492279,9.999999747378752e-06,1,0.9823731780052185,0.045338135212659836
